Gene	Name	baseMean	log2FoldChange	lfcSE	stat	pvalue	padj
Mp5g13880		39.8487556804077	-9.97597649018754	1.20488283085377	-8.27962373994381	1.23565077216044e-16	1.0004218856918e-13
Mp7g19280		36.992958985475	-8.90619823982878	1.26106664985036	-7.06243261677372	1.63612662405264e-12	6.13866728239068e-10
Mp7g06810		19.0011747706546	-8.72494934375653	1.2209821550444	-7.14584509504093	8.9443880979365e-13	3.52798774642454e-10
Mp6g17080		366.054455934588	-8.50086010116855	0.402518762933171	-21.119164829044	5.30240650744839e-99	2.71889731013595e-95
Mp2g16340	MpTRIHELIX28	14.5459848720968	-8.46193126276087	1.24720963233376	-6.78469043486058	1.16335688998103e-11	3.97687089746182e-09
Mp4g23950		14.104760010166	-8.33482726994272	1.24090557507214	-6.71672965081021	1.85848312039088e-11	5.83449915121896e-09
Mp7g02350		10.7535330506646	-8.08964032461432	1.29707054682224	-6.23685453688972	4.46456776770445e-10	9.67302055923909e-08
Mp6g20400	MpAGO4b	11.6752127777536	-7.97016039444168	1.27716078160153	-6.2405301738496	4.36090259504269e-10	9.58339494564882e-08
Mp7g15690	[MpTPS-like1]: Secondary metabolism enzyme, Terpene biosynthesis enzymes	11.925261159925	-7.9138979288842	1.25141896348492	-6.3239395916183	2.54977437546738e-10	6.03433526427918e-08
Mp7g10950		12.1929561087844	-7.88548645789534	1.24619372508831	-6.32765700801178	2.48911653587792e-10	5.98282494865782e-08
Mp6g07340		9.4435839925657	-7.65456585836584	1.25100694694584	-6.11872370257687	9.43277932694241e-10	1.90926900508362e-07
Mp4g10570		7.83643577049152	-7.62383804756186	1.38164343913928	-5.51794901028247	3.42978907851872e-08	3.93734667125772e-06
Mp2g16740	[MpDRMb]: DOMAINS REARRANGED METHYLASE, DNA (cytosine-5-)-methyltransferase	7.33346758760483	-7.51775207158966	1.44752199035451	-5.19353220309177	2.06341230547672e-07	1.86714538206755e-05
Mp2g08500		7.6750229646052	-7.44108997501401	1.36351991479947	-5.45726534262491	4.83523521904491e-08	5.20142820801174e-06
Mp5g02470		6.66142761976387	-7.29003863029326	1.29284891105818	-5.63873981556474	1.71299132728178e-08	2.21334202989369e-06
Mp4g07760		5.82653874215902	-7.19795661226729	1.49992054746737	-4.79889193092336	1.5954584756485e-06	9.40342441796966e-05
Mp8g17890		5.57543233220577	-7.13505790821807	1.48775138007131	-4.79586710776639	1.61972639049046e-06	9.43797388822529e-05
Mp4g09010		5.35289857798409	-7.07533133855458	1.60628858415405	-4.40476973337938	1.05896302330254e-05	0.000422481918519241
Mp7g15910		10.759372371242	-7.06063986121467	1.26077355068005	-5.60024427654453	2.14049957837729e-08	2.59270118221873e-06
MpUg00310		4.93432769029565	-6.95133237870639	1.55386030976404	-4.47358899318432	7.69175238039784e-06	0.000325956547844793
Mp2g21810	[MpGH19.1]: Cell wall related protein	91.2294285186587	-6.84508309346155	0.462852659549517	-14.7889030174823	1.72746283325786e-49	6.64339019100143e-46
Mp8g05090		4.51945998818967	-6.7587755484904	1.43816103872972	-4.69959577994145	2.60676942472135e-06	0.000137328541303043
Mp8g02360		6.63078022020918	-6.51949920944246	1.33927941439501	-4.86791564132829	1.12781450626274e-06	7.27791754656822e-05
MpUg00470	[MpROS1x]: DNA demethylase, DNA glycosylase/lyase	7.81374480121199	-6.49550569986278	1.28273958884902	-5.0637758094697	4.1103299340287e-07	3.40163857801268e-05
Mp5g08190		24.8048164789317	-6.45987364648987	1.22805513442069	-5.26024725228414	1.43861824070601e-07	1.36606570350497e-05
Mp8g03620		7.01084217247799	-6.42807707763301	1.29356125786436	-4.96928694992429	6.71995609789898e-07	4.99386882386377e-05
Mp5g16100		3.18807272960183	-6.11327100611328	1.47101980108727	-4.1558047020134	3.24144627453122e-05	0.00102388435402698
Mp2g05210		6.0589080354762	-6.07220695903566	1.34823278074512	-4.50382682112191	6.67406002445418e-06	0.00028920300100332
Mp6g08540		16.7710727741372	-5.89278970345575	1.22347650454512	-4.81643062336259	1.46148945664675e-06	8.95535160899183e-05
Mp4g05920		4.92340450629926	-5.80331196551349	1.58003391249371	-3.67290342291092	0.000239810134518024	0.00465758709707512
Mp7g02820		22.1140034754593	-5.74042542696527	1.14908766578768	-4.9956374938811	5.86417254363094e-07	4.51042831193374e-05
Mp2g21790		4.64067914793934	-5.70179283342507	1.4235131855458	-4.00543731615589	6.19028485523233e-05	0.00167355275796202
Mp6g21110		3.43329792155497	-5.68717589119521	1.45597568860225	-3.90609261934515	9.38005709380119e-05	0.0022831237068662
Mp3g04180		12.3840638932789	-5.6823574155907	1.04753933930852	-5.42448116491896	5.8123118349199e-08	6.12402691483376e-06
Mp6g17100		7.24650651492353	-5.60782179905098	1.2207822753565	-4.59362976695688	4.35601928621671e-06	0.000208749671899912
Mp4g16950		2.70147176359801	-5.58783852661112	1.43299218688171	-3.89942009298087	9.64233521677749e-05	0.00232489095046533
Mp3g23680		6.72861735876508	-5.51249074049388	1.21154686173822	-4.54996081008791	5.36559078203345e-06	0.000244197878698286
Mp7g12160	MpTRIHELIX39	21.265904388029	-5.37270885463553	0.664457616969403	-8.08585636980204	6.17288996701258e-16	4.31625301647975e-13
Mp3g16980		2.69144819416984	-5.30937962655437	1.50413208563866	-3.5298626212737	0.000415775498446822	0.00698136470429754
Mp6g13490	[MpPOD134]: Peroxidase	2.6320593538636	-5.30714123164484	1.50272354759741	-3.53168168565004	0.000412926088896765	0.0069726037601525
Mp2g21480		1.91876705784046	-5.27386918030801	1.51888960244145	-3.47218729513378	0.000516236038456349	0.00814707424794416
Mp3g21980		4.33945122396369	-5.2317597296924	1.35638281849873	-3.85714096222703	0.000114721010068373	0.00264500315217884
Mp4g07090		13.9858310008039	-5.14055310349114	1.38495705438229	-3.71170577977517	0.000205867203249079	0.00417790921844404
Mp4g04780	[MpMTPSL3]: Secondary metabolism enzyme, Terpene biosynthesis enzymes	6.14166010294479	-5.13573926687836	1.18285557571319	-4.34181431133874	1.41310940708366e-05	0.000535415320422856
Mp5g18000	MpEC	12.4728880223202	-5.01353236586134	0.835117903045151	-6.00338269312648	1.93248400894876e-09	3.53040669636791e-07
Mp5g00750		153.399123795627	-4.97326437528001	1.24225780518441	-4.00340762966003	6.24365856872035e-05	0.00168502104846711
Mp2g21820		5.19870463640303	-4.97001677375834	1.31726061064378	-3.77299429862201	0.000161299975316639	0.00344143900179731
Mp8g02470		12.4981154221261	-4.85908688902503	1.11607721011947	-4.3537192991378	1.33847070314557e-05	0.000510910541600204
Mp8g13440		21.9580067705925	-4.7043327965556	0.529778787595373	-8.87980588635537	6.69771387890068e-19	6.87022554970866e-16
Mp5g01600	MpKNOX1	11.7080685546363	-4.69244355840593	0.84620519283176	-5.54527861345667	2.93486462507497e-08	3.44633759752124e-06
Mp2g13470		15.0991293433746	-4.69220993275279	0.783055589189478	-5.99217986249173	2.07046745426081e-09	3.70348847080164e-07
Mp3g07690	[MpHA13]: Plasma membrane H+-ATPase	36.2802155629989	-4.46787258245536	1.28454412270451	-3.47817759116641	0.000504835337814235	0.00803090175966534
Mp5g12340		17.8295232021653	-4.44107674591865	1.28239765575063	-3.46310422980238	0.000533981503344467	0.00837333075020177
Mp5g04290	[MpPOD71]: Peroxidase	33.6050638192959	-4.3863518379069	1.25812538735353	-3.48641866859838	0.000489534212577527	0.00786065218379968
Mp1g02090		6.02788996094786	-4.34785153405873	1.13283478386917	-3.83802792425632	0.000124026380690417	0.00280161206190996
Mp8g01860		11.6055151439325	-4.26117270776532	0.753578969768251	-5.65458018165736	1.56227654508176e-08	2.09814631708728e-06
Mp8g18050		14.9671765097539	-4.21734364341761	0.565480243722498	-7.45798582750703	8.78551172553728e-14	3.97492726099823e-11
Mp1g10420		7.22562882042239	-4.11933351170225	0.983630645857289	-4.18788650907884	2.81564246080658e-05	0.000923518720140461
Mp4g05890	[MpATXR3]: Chromatin related protein	9.31266336483042	-3.74628215484671	0.839991910845546	-4.45990265677161	8.19968864467762e-06	0.000342760354405098
Mp1g09370		77.0747196494136	-3.68791434844065	0.710286217415745	-5.19215248447097	2.07876636855357e-07	1.87003877470524e-05
Mp3g19830		11.7973773011907	-3.587477751088	0.636373457450509	-5.63737803499921	1.72658807506496e-08	2.21334202989369e-06
Mp4g18410		8.27866723964024	-3.54879592813698	1.02784991462836	-3.45264019350543	0.000555128926509621	0.00857384365110191
Mp5g23120		54.6306125473587	-3.42548382944969	0.353265060504451	-9.69663918803124	3.11593434607166e-22	4.35749254960184e-19
Mp2g16790		13.2331249970315	-3.36627535521492	0.737380304580431	-4.56518208352517	4.99060979127415e-06	0.000228605234584959
Mp1g19160		11.5417924627033	-3.26999364091416	0.648992753969098	-5.03856725813284	4.6902960182697e-07	3.75785539838764e-05
Mp7g07910		86.8864796742058	-3.23916143076374	0.290513615301407	-11.1497749508336	7.17877006899595e-29	2.20862039942729e-25
Mp8g04630		6.29487303279418	-3.20793270384329	0.885488528570382	-3.62278290496037	0.000291450423279697	0.00534677775231978
Mp5g08970		4.32952808275018	-3.17108597501886	0.931897756518901	-3.40282606416442	0.000666927233159485	0.0097749768275748
Mp8g16650		36.6956633508042	-3.17063891983471	0.588659101213288	-5.38620555309464	7.19606623815241e-08	7.3798057960999e-06
Mp5g16470	[MpDIR42]: Secondary metabolism enzyme	18.2062000503421	-3.14152962144327	0.511746278006353	-6.13884214982854	8.31251136910775e-10	1.72799138366195e-07
Mp5g06220		7.43827435059482	-3.13376693718912	0.860403801792317	-3.64220489340137	0.000270312780429921	0.00508340036840278
Mp1g07770		8.75652072756247	-3.03563586653259	0.840337738656255	-3.61239978509918	0.000303376365527146	0.00551635771974478
Mp6g00230	[MpNRPE1b]: Chromatin related protein	19.2748983715632	-3.02322832633784	0.449226380107913	-6.72985483535406	1.6983243709776e-11	5.44277579140592e-09
Mp3g16310	[MpNPF18]: NPF transporter	22.9159260423304	-2.99747596875771	0.385079226409754	-7.78405004264801	7.02389539968479e-15	3.8588779619054e-12
Mp5g16450		8.74628798208671	-2.96210549866674	0.702930301101827	-4.21393912600397	2.5095495055016e-05	0.000846587720244105
Mp3g10640		44.9666784383489	-2.87626179288443	0.317844820296141	-9.04926432403261	1.43934772063501e-19	1.70319122973295e-16
Mp5g23150		168.446710429033	-2.78836173724254	0.273336282980051	-10.2012133436601	1.95810773878734e-24	3.7651964182207e-21
Mp5g11060	MpBELL5	32.7666711854977	-2.77522472877254	0.295243229884095	-9.39979124961484	5.46714300058795e-21	7.00842173150371e-18
Mp1g07680		29.4350697543456	-2.76972386783075	0.718529325740156	-3.85471235287113	0.00011586577687317	0.00264838520897471
Mp8g15130		13.5862492321612	-2.75385774684147	0.779998966842653	-3.53059153140776	0.000414631524925071	0.00698136470429754
Mp1g28130	[MpOMT3]: Secondary metabolism enzyme, O-methyltransferase	234.101759450802	-2.72368461517307	0.800805596606996	-3.40118079433172	0.000670954370778683	0.00981111319932365
Mp1g14000	[MpCER3b]: Cuticle related protein	16.8247119496664	-2.70542149469154	0.401806935814677	-6.73313786683697	1.66042592012169e-11	5.44277579140592e-09
Mp7g01770		23.2084489709352	-2.67224654280976	0.509166260722839	-5.24827890012999	1.53526751560518e-07	1.44006220686307e-05
Mp3g19850		20.868988963784	-2.6548873460651	0.36491674333773	-7.2753234663393	3.45591355856639e-13	1.43681941274126e-10
Mp1g17700		39.399717761197	-2.51477487597522	0.529719911957928	-4.74736708816593	2.06081725728743e-06	0.00011362563393854
Mp1g26300		10.574117903618	-2.45819911638128	0.675904437328045	-3.63690335589292	0.000275935402014331	0.00515109885033588
Mp4g06550		548.468687343376	-2.4439855785139	0.371222667914919	-6.58361083454645	4.59158011057542e-11	1.35831301617272e-08
Mp4g17360		101.561150344637	-2.38982040703068	0.542574451319436	-4.40459443163808	1.05981967441895e-05	0.000422481918519241
Mp7g13720		22.7674469812352	-2.38931654332962	0.325675277182143	-7.33649960783892	2.19252455360031e-13	9.36877922445376e-11
Mp3g24860		11.7216993325879	-2.34803156918888	0.526228471543223	-4.46200024545047	8.11981330362838e-06	0.000340346288963802
Mp2g23000	MpBZR3	11.9730612172497	-2.3413220161175	0.505675021906619	-4.63009228197526	3.65502802922645e-06	0.000181958887293173
Mp4g08460		785.164477314364	-2.27862343505765	0.362939659207752	-6.27824316590689	3.42420087967763e-10	7.63398291769289e-08
Mp6g08820		13.3904058780634	-2.16978497963703	0.563198354267752	-3.85261242898712	0.000116864288639644	0.00266329385502763
Mp4g04440		38.0668716657679	-2.15319608571563	0.601723183064539	-3.57838312751976	0.000345726404278233	0.00606420670126802
Mp5g20045		532.121246273509	-2.06477321213216	0.429051495219866	-4.81241351011741	1.49118413191768e-06	9.03105728397229e-05
Mp6g00500		1135.28223274456	-2.04636451826528	0.244791434948603	-8.35962466862838	6.29181058946903e-17	5.69334837045895e-14
Mp5g23140		79.0828018647203	-2.03105369979302	0.58496152613133	-3.47211501793201	0.000516375049843695	0.00814707424794416
Mp1g07670		118.531781439576	-2.02747552415714	0.525676675402235	-3.85688697830424	0.000114840228402088	0.00264500315217884
Mp6g03620		92.8852295758502	-2.01716815681345	0.455016581943807	-4.43317504649217	9.28554162136858e-06	0.000382947685687702
Mp3g19860		43.1776006562856	-2.01614447157496	0.284642396223795	-7.08307862188527	1.40986632301567e-12	5.42199341173752e-10
Mp5g16420		60.9641878282555	-2.01488896156275	0.586813007644264	-3.43361332369137	0.00059559317788071	0.00900000968107952
Mp5g11310		50.1134652378247	-1.94379400841859	0.404775456958963	-4.80215382380671	1.56968033950316e-06	9.30642458723926e-05
Mp5g24420		59.0755424687817	-1.86025280579642	0.307490968155194	-6.04978031373439	1.45043485423304e-09	2.72098041008132e-07
Mp5g16440	[MpDIR65]: Secondary metabolism enzyme	22.6216189268469	-1.85846167961961	0.444766223859437	-4.17851351996314	2.93420556941639e-05	0.000950250195249102
Mp6g15350		83.6147275809842	-1.84365487251042	0.236079105931902	-7.80947922194447	5.7424763843586e-15	3.35007904927596e-12
Mp7g02560	[MpLTP-like74]: Lipid transfer protein	695.436200655945	-1.83215635513501	0.310168127309846	-5.90697816382906	3.48439915922366e-09	6.0909673029929e-07
Mp3g25440		235.980611385121	-1.74416146140362	0.409313720789873	-4.26118493667356	2.03345872625718e-05	0.000715805390984305
Mp2g03270		11.0763897275934	-1.71719785822842	0.443963944841284	-3.86787683590458	0.000109787088673985	0.00257447375773157
Mp6g10870		45.5912946604768	-1.68802912900043	0.30917865778857	-5.45972073581735	4.76884097255461e-08	5.16613244231039e-06
Mp1g09120		90.7081297899069	-1.65795640896706	0.307215439192266	-5.39672229145181	6.78693121151386e-08	7.05428127207553e-06
Mp2g10660		16.8105020747211	-1.63962136473926	0.463419433373518	-3.53809367208327	0.000403027053809623	0.00685686485808133
Mp4g08670		24.2762210375571	-1.61466000497059	0.467156888932599	-3.45635490607857	0.000547533890647481	0.0085163941757636
Mp1g03370		14.0826144885464	-1.56646416449456	0.444283145499424	-3.52582397140831	0.000422167471466824	0.00703723549091246
Mp3g06700		14.9830871060017	-1.54526395387519	0.440391959463301	-3.50883779930583	0.000450069292588225	0.00736682549228521
Mp8g18790		110.320070444091	-1.52938492635781	0.423437840496953	-3.61182865603816	0.000304045439568903	0.00552199645441373
Mp4g16860	[MpUGT19]: UDP glycosyl transferase, Secondary metabolism enzyme	59.7913717827444	-1.47024864731806	0.346301707942555	-4.2455714586367	2.1803700522997e-05	0.000753722078978118
Mp4g03950	[MpGT8.9]: Cell wall related protein	32.5512678232156	-1.43557743762831	0.379970157957463	-3.77813206527923	0.000158009084421574	0.00339495929715761
Mp1g03390		34.9700222461167	-1.42785271757668	0.265418021969524	-5.37963739983201	7.46360128493283e-08	7.60348202424647e-06
Mp1g18380		49.3112277062765	-1.40395612417706	0.304674485231246	-4.60805283091384	4.06457400745652e-06	0.000197240826361841
Mp5g04880	[MpPOD76]: Peroxidase	88.932789851559	-1.40083778496803	0.357527689138239	-3.91812390347868	8.92408339495574e-05	0.00221418023975168
Mp2g01900		30.6881026699063	-1.39550752704922	0.402850456262907	-3.46408327297137	0.000532041782659741	0.00835983872761547
Mp4g08470		308.932766994901	-1.38727504806011	0.337817652456358	-4.10657950516464	4.01561284788431e-05	0.00121359867267199
Mp4g19760		261.834073036336	-1.32260161513455	0.159137779818475	-8.31104729903366	9.48611027767309e-17	8.10693524452473e-14
Mp8g15520		201.332656449605	-1.32253559825224	0.282051266096053	-4.68899011359818	2.7455665140236e-06	0.000144146927253328
Mp6g17710		1576.47401011296	-1.27972382508607	0.373102243437428	-3.4299547847685	0.000603681836464368	0.00908520534351153
Mp8g11560	[MpASLBD2]: transcription factor, ASL/LBD	47.9039150622395	-1.25727016046024	0.261121647729713	-4.81488291526729	1.47286222263208e-06	8.95535160899183e-05
Mp3g24060	[MpPPO31]: Secondary metabolism enzyme	38.6679617374218	-1.25297773655171	0.302603793490875	-4.14065442503945	3.46316369088884e-05	0.00107190839148779
Mp3g20270	[MpRLK-Pelle_WAK_LRK10L-7]: Receptor-like Kinase (RLK)	119.948035332069	-1.18125335034488	0.201774044243239	-5.85433748317439	4.78915255339892e-09	7.75489828725638e-07
Mp8g06640		89.1480590053225	-1.17541143261646	0.301539132681138	-3.89803944239437	9.69746241262862e-05	0.00233452369786332
Mp3g00900		286.045409033073	-1.12069342624609	0.317770917514223	-3.5267337710221	0.000420719574590282	0.00703723549091246
Mp3g11280		186.980425392325	-1.07783184723877	0.283104177959878	-3.80719159641482	0.000140553852302973	0.00308539468117114
Mp1g27120	[MpRALF3]: cysteine-rich peptide RALF3	64.3230812536751	-1.06096298350463	0.253760713719294	-4.18095838380346	2.90282994393409e-05	0.000944064123203766
Mp5g05720	[MpLTP-like71]: Lipid transfer protein	1405.53665651662	-1.05439503918983	0.248792873687957	-4.2380435723906	2.25476016415604e-05	0.000769964101533562
Mp7g00070		62.6172737376945	-1.05335910877304	0.228071790111468	-4.61854185587012	3.86446035645339e-06	0.000189321635870454
Mp7g10320		392.075775823213	-1.05202222868463	0.182675200406548	-5.75897673216358	8.46253652747743e-09	1.28555754273979e-06
Mp1g23650		439.616168020519	-1.04416856095704	0.223156986256907	-4.67907627931018	2.88170227751286e-06	0.000148258281387894
Mp5g21385		734.064158960775	-1.03288688521859	0.285230005862923	-3.62124202919583	0.00029319206624819	0.00536925423225702
Mp6g17700		463.76090328658	-1.02313765461643	0.232046734538813	-4.40918790195384	1.03758970777277e-05	0.000418930248678965
Mp2g11890		1039.93963997656	-1.01786471387376	0.210334196422557	-4.83927355221351	1.3031457735014e-06	8.14889895681792e-05
Mp5g21460	[MpPPO62]: Secondary metabolism enzyme	1107.29751614769	-1.01119348187593	0.255897439829837	-3.95155763398158	7.76441673178239e-05	0.00199510820557314
Mp1g10150	[MpPAL1]: Secondary metabolism enzyme, Salicylic acid related protein	376.443627549098	-0.999126539484058	0.222780391923923	-4.4848046583258	7.29807627996111e-06	0.00031185085392956
Mp1g15580		1783.91495734169	-0.991356175794177	0.247987794588919	-3.99760067803948	6.39877782337124e-05	0.00171784291896893
Mp4g04040		1359.75538584591	-0.976290976991404	0.127843051144944	-7.63663701896885	2.22968952415437e-14	1.12093382786491e-11
Mp8g02890		256.78883780741	-0.971048772871623	0.179647411993769	-5.40530343351289	6.46987697121906e-08	6.77048418015393e-06
Mp2g04100		175.636427695347	-0.965242193307367	0.187384682564534	-5.15112644265864	2.58926539306613e-07	2.27603825951636e-05
Mp7g13750		128.911900953885	-0.942295513790494	0.230861423408727	-4.08164993474121	4.47171153964586e-05	0.00130776309152799
Mp1g18330		232.916129133684	-0.940734852782725	0.17080028410271	-5.50780613583183	3.63333207031403e-08	4.109672591003e-06
Mp4g22420		271.739045908019	-0.93218703293982	0.14454291947982	-6.44920578811172	1.12437804786584e-10	2.98212198453798e-08
Mp8g01720	[MpPOD165]: Peroxidase	221.939220663776	-0.931337874938932	0.22849626306838	-4.07594357313501	4.58281318112107e-05	0.00133013990877708
Mp6g06120	[MpRAD54]: Chromatin related protein	56.2195298829201	-0.922491652243924	0.257570551268868	-3.5815105713734	0.000341613312389295	0.00601262881519968
Mp3g15610		150.648278826327	-0.902072040634925	0.183596356422766	-4.91334391493985	8.95360171328816e-07	6.09439182104034e-05
Mp1g22980		365.785732556491	-0.883545539289709	0.23796074643564	-3.71298860221333	0.000204826114905961	0.00416227229273236
Mp2g17480		516.294593117103	-0.883139021999018	0.225383525761107	-3.91838320488025	8.91449057867867e-05	0.00221418023975168
Mp1g21660		584.966948105563	-0.877458197378812	0.239630665229277	-3.66171081042264	0.000250536578837235	0.00479739760254352
Mp4g23720		279.548708580436	-0.877105271757094	0.201236451177382	-4.35858049883796	1.30908770830538e-05	0.000503442405421543
Mp6g13820	[MpGRAS5]: transcription factor, GRAS	135.7684966063	-0.873235591661407	0.252622679206048	-3.45667932271894	0.000546875210991507	0.0085163941757636
Mp4g19930		1952.03347598457	-0.866650953323023	0.183113008567396	-4.73287485200181	2.21361983304095e-06	0.000119488708481903
Mp1g04430		325.020129917948	-0.865690091791523	0.237681113954101	-3.64223339999449	0.000270282839717653	0.00508340036840278
Mp3g19080		247.347391639689	-0.865030372122524	0.196090977868137	-4.41137262676215	1.02717372271037e-05	0.000416913281700625
Mp4g03400		377.629768111126	-0.846876103863234	0.241289173814076	-3.50979735425589	0.000448448324206114	0.0073544568990007
Mp8g10620		116.478232052468	-0.840566668056737	0.208060189578637	-4.04001683243224	5.34473654110429e-05	0.00149685968999357
Mp3g03650		287.360412861533	-0.840024019257141	0.198812985920605	-4.22519693755117	2.38731909036393e-05	0.000810687186911
Mp5g10920		316.457188438051	-0.835221391388526	0.217775029550011	-3.83524866516766	0.000125437320504358	0.00281693766615846
Mp1g13780		1019.67732778775	-0.831160144083264	0.147297371518168	-5.64273574957001	1.67369127401149e-08	2.18189770068804e-06
Mp3g09290		152.354712952193	-0.824878737758444	0.228078874165699	-3.61663806337088	0.000298454160786097	0.00544334961924241
Mp6g04060		246.250359665006	-0.804220043706725	0.21088750585642	-3.81350256119141	0.000137011105031517	0.00303694787997094
Mp2g12330	[MpHMGBOX2]: transcription factor, HMG-box	1303.94788708265	-0.803537934354816	0.21582263159028	-3.72314028623402	0.000196760120592358	0.0040573202883006
Mp2g02110		252.103946235717	-0.803157220619642	0.142053814860036	-5.65389406409807	1.56852906757484e-08	2.09814631708728e-06
Mp1g11190		2541.882177839	-0.801314908398429	0.168263225347656	-4.7622699894335	1.91427330484146e-06	0.000107839056189597
Mp3g02240	[MpSIG5]: Ortholog of Arabidopsis SIG5 gene	245.900965595197	-0.801289200994284	0.226006317543792	-3.5454283300688	0.000391975565681285	0.00673716215293319
Mp7g11540		775.963949684817	-0.799819745080643	0.187531991965999	-4.26497760033209	1.99922257846196e-05	0.000706989446539779
Mp7g01050		192.620512540025	-0.798697362173839	0.148089441344658	-5.39334442024789	6.91582078108535e-08	7.14000477016348e-06
Mp2g08920		539.39362379509	-0.793691380667463	0.214231825554346	-3.7048248018879	0.000211536891449704	0.00425368889041935
Mp6g10410		351.881203578293	-0.793139985075107	0.220031873704593	-3.6046595055585	0.00031256243949742	0.00561283837158374
MpUg00040		47.9109264512402	-0.792361604744608	0.197354362024327	-4.01491812300018	5.94664348576392e-05	0.00161906578303551
Mp2g22810		246.561855334233	-0.788221344828507	0.215527589821342	-3.6571714344409	0.000255013830789881	0.0048490454376276
Mp3g08770		439.267862108739	-0.788107627476432	0.202102801659989	-3.89953835871271	9.6376268373296e-05	0.00232489095046533
Mp7g17740		288.543865011171	-0.787022409569881	0.143036238773129	-5.50225884237758	3.74955913776639e-08	4.17967160987394e-06
Mp2g07690	[MpCSLD6|MpGT2.6]: Cell wall related protein	587.374295590438	-0.785981253994815	0.185371417954329	-4.24003475114197	2.23485185462552e-05	0.000767382278564829
Mp6g18130		1006.54817829067	-0.781505591732055	0.183747118938388	-4.25315834200428	2.10776424735236e-05	0.000733568719842112
Mp2g18290		119.86260125649	-0.780590068172015	0.200860008691025	-3.88623934280897	0.000101809132568895	0.00242810835086404
Mp7g16640		341.524595333631	-0.780354043008782	0.212566821713207	-3.67109992387066	0.000241508890423247	0.0046790066264242
Mp7g05750		844.337086876059	-0.776267576189427	0.140914512713146	-5.50878373875971	3.61321472676832e-08	4.109672591003e-06
Mp3g03750		342.428983013063	-0.770558135615457	0.163662790522924	-4.70820602015537	2.49906455018293e-06	0.000132562448191255
Mp6g02860		490.581233325329	-0.770011501001475	0.202490455859547	-3.80270515828942	0.000143124655167658	0.00313184433918077
Mp1g17360		511.020036942865	-0.768379869817633	0.20361709203733	-3.77365113178595	0.000160875687491489	0.00344143900179731
Mp2g05250		73.2758083133822	-0.768251438093894	0.224975998163073	-3.41481511079697	0.000638253196060654	0.00944062395673176
Mp3g13420		601.643114197169	-0.763267453584239	0.193871479391156	-3.9369764752466	8.2514692537808e-05	0.00207576504758568
Mp1g24770		445.462343163368	-0.760316667625249	0.215837407013106	-3.52263622023166	0.000427277400853543	0.00707514344169005
Mp1g14710		292.062782118181	-0.760201683828206	0.192600243618123	-3.94704424847713	7.91219383478817e-05	0.00201846231775367
Mp4g13840		354.472848424827	-0.759626865003178	0.167876455633234	-4.52491602909918	6.04194899398475e-06	0.000270194089403517
Mp5g20090		2495.75597996235	-0.755509118260188	0.1633649138419	-4.62467184961973	3.75191910194216e-06	0.000185776764542316
Mp6g18990		398.570274905128	-0.736235958258255	0.212937858962101	-3.45751554865258	0.000545180780893978	0.00850559427230432
Mp6g06930		448.282970446726	-0.733641992410016	0.199761242104539	-3.67259426643976	0.000240100537475172	0.00465758709707512
Mp5g04420		855.887758837477	-0.728509042118598	0.193655704156714	-3.76187753049122	0.000168642625133829	0.00358318992048852
Mp6g05780		155.517440135767	-0.727547947163427	0.204902894461784	-3.55069628994001	0.000384213508381582	0.00663339663236124
Mp4g21190		314.385939903783	-0.719009176752662	0.188027958884908	-3.82394820970624	0.000131331513179066	0.00294071712843314
Mp2g13350		241.865253149793	-0.718490157333169	0.142523651852179	-5.04119946406064	4.62622952853847e-07	3.72593135274907e-05
Mp7g11560	[MpGST10]: glutathione S-transferase	289.171282106067	-0.716413434741726	0.203352972988928	-3.52300447941192	0.000426684148794126	0.00707293347079746
Mp3g17470	[MpCYP86H1]: Cytochrome P450, Secondary metabolism enzyme	1411.59809381025	-0.711085414557827	0.139170165919602	-5.10946731908487	3.23068365046926e-07	2.76097814417603e-05
Mp8g12480		237.879558443586	-0.710338692790261	0.194174322966972	-3.65825245035662	0.000253940853322279	0.0048346189933869
Mp1g02130		671.145963238355	-0.708964956982912	0.129989459811609	-5.45401879514231	4.92439935989145e-08	5.2605580106396e-06
Mp1g06540		331.636157010461	-0.70856246745636	0.192721706132104	-3.67660956140906	0.00023635436920142	0.0045965098121687
Mp6g01060		339.631128054907	-0.708006593620239	0.143821984649178	-4.92279810591729	8.5315459047626e-07	5.85896297557871e-05
Mp1g27450		131.927035427905	-0.706074326370531	0.193994473591263	-3.63966206510705	0.000272996076434877	0.00511510188038699
Mp8g18590		371.457060731762	-0.700837811600332	0.181863525073602	-3.85364691087283	0.000116371383666139	0.00265599554144839
Mp2g04370		1344.64285258968	-0.698341914559513	0.130110978856087	-5.36727892372505	7.99333932127451e-08	8.03670188099122e-06
Mp1g03000		261.672646245012	-0.697691524927737	0.197009985946798	-3.54140183085006	0.000398006933584289	0.00680282295480792
Mp2g14580		120.202045984561	-0.697457242634922	0.186415617544049	-3.74140993026036	0.00018299075991101	0.00380951277259094
Mp5g23040		233.852034457244	-0.69568882021162	0.195994353709284	-3.54953500978669	0.000385912146786234	0.00664780129228739
Mp6g02450		941.069231909425	-0.693163080267201	0.11549146716035	-6.00185535183132	1.95075452896881e-09	3.53040669636791e-07
Mp7g14470		326.002700198519	-0.691665810541022	0.132963841857752	-5.20190903690179	1.97251770871411e-07	1.80272118173167e-05
Mp3g01210		625.309852880117	-0.68764369104669	0.130951812308037	-5.25112007941632	1.5117708135645e-07	1.42672211196703e-05
Mp7g01230		1853.84270459948	-0.686703431604161	0.180514137405979	-3.80415318972916	0.000142290108514382	0.00311801814711786
Mp6g20290		701.083671593279	-0.686533875574171	0.193507912248633	-3.54783361360471	0.000388413506201302	0.00668340600211927
Mp1g03670		83.009706520702	-0.685149721253601	0.197400230345285	-3.4708658650254	0.000518783075902329	0.00816831121453994
Mp6g11150	[MpGST33]: glutathione S-transferase	366.244020864592	-0.684345611266168	0.153999254019442	-4.44382419657547	8.83738256546883e-06	0.000366429800551501
Mp7g06770		4402.66565237974	-0.683084137096214	0.15198705090144	-4.49435746693433	6.97803237472429e-06	0.000299840983297161
Mp7g03750		189.315062591093	-0.682073810224828	0.185934344232096	-3.66835838231918	0.00024411284732719	0.00470574928625835
Mp4g02260	[MpC3H15]: transcription factor, C3H	150.578795985418	-0.67837607561219	0.144054113794148	-4.70917530742361	2.48721082833906e-06	0.000132390187447542
Mp4g01680		398.513175105778	-0.674336445042203	0.172892463293479	-3.90032296490298	9.60644513254142e-05	0.00232352115524976
Mp3g11460		357.99565016468	-0.673459107533952	0.122514801762531	-5.49696116587865	3.86391747412458e-08	4.276161331256e-06
Mp3g13780		310.044483871377	-0.670628977662185	0.140594341152743	-4.76995711323551	1.84265145620383e-06	0.000104595968084072
Mp1g10750		728.002195692925	-0.66497705065873	0.12983561423272	-5.121684482247	3.02818277615954e-07	2.60237629305375e-05
Mp7g18820	[MpRGI2|MpLRR-RLK.96]: LRR-RLK, peptide receptor	553.122165144219	-0.659438460453188	0.144438388877784	-4.56553458936162	4.98223033659379e-06	0.000228605234584959
Mp5g16880	[MpDIR37]: Secondary metabolism enzyme	514.686778797218	-0.651883321680591	0.135905101417436	-4.79660671219629	1.61376003859043e-06	9.43797388822529e-05
Mp3g11530		321.105046768393	-0.631213227852651	0.126560731816844	-4.98743345421019	6.11866847464303e-07	4.59138912904555e-05
Mp7g13290		195.903355623296	-0.630595427168105	0.173836293821947	-3.62752457098513	0.000286151550871352	0.00526539390795935
Mp4g02460	[MpLIM3]: transcription factor, LIM-domain	1483.48795074222	-0.630177377615155	0.131127449107115	-4.80583876149667	1.54104060352766e-06	9.2240574334887e-05
Mp7g16430	[MpBHLH52]: transcription factor, bHLH	428.156616649256	-0.62870437484132	0.111976637956977	-5.61460306642603	1.97013970955958e-08	2.46395602863048e-06
Mp3g00110		721.854096458972	-0.624857824125458	0.117088741045205	-5.33661749667472	9.46965157849146e-08	9.27844905935886e-06
Mp1g02750		1084.03419525621	-0.624715464159372	0.141719667877284	-4.40810702929615	1.04278014274289e-05	0.000419923741775234
Mp2g10780		157.086560058828	-0.622231457154384	0.138337247760751	-4.49793144815566	6.86178132166064e-06	0.000295671658462481
Mp7g13040		458.628175183414	-0.6181204099968	0.143032833074194	-4.3215281184857	1.54952300333373e-05	0.00057855127088065
Mp1g26050	[MpGEBP1]: transcription factor, GeBP	912.896274596567	-0.617384860328225	0.100991891574997	-6.11321216683767	9.76454106961222e-10	1.95075240615383e-07
Mp5g18010		1546.21876653685	-0.615400604674455	0.167729852382813	-3.66899866619995	0.000243502349506585	0.00469987031676261
Mp1g11180	[MpGH17.1]: Cell wall related protein	4770.56756031629	-0.611776216657376	0.133311203381184	-4.5890832963835	4.4519676657151e-06	0.000211161403660731
Mp1g12290		248.149303088538	-0.611198946588332	0.12355936340333	-4.94660161523509	7.55203127227572e-07	5.3795372271954e-05
Mp7g15620		170.402704012043	-0.610039409357304	0.153086010803792	-3.98494549668017	6.74956160824263e-05	0.0017963409380553
Mp7g01720		3472.16361517058	-0.603456168783579	0.145871893539493	-4.13689131018377	3.52042758117228e-05	0.00108309474962346
Mp4g20000		229.260679521831	-0.60327194336054	0.176919256184809	-3.4098715785373	0.0006499347536286	0.00958575869134109
Mp1g25600	[MpCRY-DASH]: Photoreceptor, Light	242.074569584951	-0.602782452108206	0.160558264949572	-3.75429101888669	0.000173832806132009	0.00366813450854416
Mp8g05340		1837.24899833104	-0.5913505866712	0.162728010211982	-3.63398154934029	0.000279080828429394	0.00518490384508377
Mp7g14560		351.640349603343	-0.590810873839115	0.162645986045823	-3.63249587771973	0.000280693061491944	0.00520229080112117
Mp2g09610		99.5262281791069	-0.587412191588168	0.16634443796042	-3.53130046781569	0.000413521719295723	0.00697500505255056
Mp6g02830	[MpLD3]: lipid droplets associated protein	128.931675994796	0.585410616064092	0.170234482404968	3.43884862686907	0.000584193793327855	0.00889767635917068
Mp3g04360	[MpBZIP7]: transcription factor, bZIP	416.934848386549	0.590369920144528	0.0968998890078125	6.09257581396125	1.11108194596073e-09	2.16351564236884e-07
Mp4g07870		412.931437487636	0.592075141865817	0.141156600716422	4.19445593660385	2.73527314286381e-05	0.000904875414122022
Mp7g05040	[MpEXL6]: exordium-like	1228.23562481505	0.596617926635748	0.152112808410293	3.92220703089311	8.77415487215144e-05	0.00218402628476223
Mp3g22950		7464.66418448071	0.59942499035642	0.145468358677231	4.12065548691891	3.7779599914362e-05	0.00115539480215235
Mp7g18420	[MpABC85]: ABC transporter	389.168417753566	0.604171677074973	0.143815689577826	4.20101366442376	2.65722550826453e-05	0.000884764069126262
Mp3g12790		278.206534918949	0.6055967461659	0.168021527964832	3.60428067463268	0.00031301864879146	0.00561283837158374
Mp8g07110		207.755367206644	0.606866951758938	0.126384875894776	4.80173713399218	1.57295091508952e-06	9.30642458723926e-05
Mp5g19330		1245.30431966085	0.60780800198599	0.135005350595945	4.50210305964159	6.72843389811604e-06	0.000290740164760447
Mp7g08040		592.741978754971	0.609958241693202	0.172691420877443	3.53207031706619	0.000412319700116358	0.00697001532625267
Mp2g08530		1852.27299026417	0.610261420097355	0.078173543927944	7.80649551541195	5.88000613212318e-15	3.35007904927596e-12
Mp7g09780	[MpGPAT6b]: Cuticle related protein, Cutin biosynthesis	370.508932147255	0.610314340346025	0.161198386824512	3.786106997525	0.000153025804662848	0.00331082412535666
Mp1g10900		873.593905842368	0.613388600180101	0.138029550395478	4.44389334329235	8.83454128697356e-06	0.000366429800551501
Mp4g06020		3324.80620697735	0.613899964682787	0.159893346170172	3.839434093958	0.000123318226437607	0.00278971217248487
Mp5g19710		3813.87496609675	0.615582953762501	0.10054714859975	6.12233128771227	9.22160382497021e-10	1.89141242186022e-07
Mp5g05930	[MpATG8b]: Autophagy protein	871.514619178838	0.617138583840264	0.110257044221734	5.5972712509793	2.17751876967179e-08	2.61693525264541e-06
Mp5g15700		458.248623570516	0.617830576291213	0.157384389458643	3.9256153575102	8.65082989107899e-05	0.00216383278397509
Mp5g02890		1197.32325190309	0.618360722650233	0.126022476740165	4.90674948346857	9.25981823879181e-07	6.24753438453221e-05
Mp2g22350		177.25159839528	0.620671048128939	0.153663861421766	4.03914780213263	5.36457544113236e-05	0.00149769989130561
Mp2g19520		778.21848780631	0.622106935316074	0.116451094291905	5.34221631062266	9.18169961690903e-08	9.1123925939943e-06
Mp2g00380		410.695953359966	0.626219484960054	0.157316145300769	3.98064346010258	6.87289709515758e-05	0.00182285820715188
Mp8g11030		511.482867518366	0.629474501876881	0.163266474019839	3.85550374414524	0.000115491562898637	0.00264500315217884
Mp7g18470		1848.18687640193	0.63216664441919	0.13283833710605	4.7589171785138	1.94634272043677e-06	0.000108641667728726
Mp4g04400	[MpNPF19]: NPF transporter	367.982239262509	0.634449704986211	0.186763141830349	3.39708198720778	0.000681085575065763	0.00992522182711436
Mp7g07710		200.708707460511	0.636436711295882	0.182132686247348	3.49435746218315	0.000475204284954879	0.00767864234817321
Mp2g20390		448.562631441554	0.637699376436635	0.127832095238752	4.98857016499343	6.08278189599455e-07	4.59138912904555e-05
Mp3g12880		555.925738548916	0.64145999347649	0.0983548710836848	6.52189349046787	6.94253097867188e-11	1.90708846508767e-08
Mp5g15850		2430.63378634491	0.641719066015861	0.184626185145519	3.47577493143819	0.000509379579994342	0.00808646654185033
Mp4g19960		476.966265122286	0.642773579989153	0.132102570785528	4.86571590671549	1.14043235795995e-06	7.30969623437412e-05
Mp6g14420		1356.24079484619	0.64468010627626	0.169274554302107	3.80848798529807	0.000139819138653032	0.00308142952707679
Mp7g05200		1980.07376834594	0.648891214119866	0.13133558449775	4.94071135862638	7.78380649081571e-07	5.49258235083569e-05
Mp8g15970		644.601874216503	0.648979119828638	0.161303397866258	4.02334438340057	5.73775010246781e-05	0.00157332994342714
Mp1g10500		986.23789011581	0.651765675844592	0.118364543523201	5.5064266413264	3.66190453239803e-08	4.11175747604956e-06
Mp4g10020		381.961289094017	0.654296651438086	0.174068585356564	3.7588439642789	0.000170700248034497	0.00361194211212472
Mp3g25130		407.869021689706	0.657264692979208	0.136074666004986	4.83017678658219	1.36411879793259e-06	8.49564350955346e-05
Mp4g19160	[MpACOS12]: Acyl-CoA synthase, Secondary metabolism enzyme, Cuticle related protein	226.899601765715	0.66247668583405	0.187706363436029	3.5293245988425	0.00041662177719204	0.00698136470429754
Mp4g00210		1486.20281060656	0.663875545441557	0.161042948571477	4.12235090906141	3.75025331299834e-05	0.00114920610983772
Mp1g06840		283.909839321902	0.665830168584043	0.136793722218053	4.86740296110003	1.13074321889736e-06	7.27791754656822e-05
Mp1g07760		976.162528224416	0.66714584466824	0.163949071831848	4.06922611524443	4.71695526326646e-05	0.00135391253611231
Mp6g02590	[MpCUCA|MpNAC2]: transcription factor, NAC	737.456111870478	0.677431140999923	0.168422084669725	4.02222275260612	5.76514960297149e-05	0.0015752272884993
Mp2g02650		1253.91634553082	0.677679586577293	0.148267300416052	4.57066112808192	4.86187931461375e-06	0.000225271956315371
Mp2g18890		107.775517977642	0.678536013515943	0.190579954176634	3.56037452337227	0.000370326236399409	0.00643698134975379
Mp1g26710	[MpPEX11b]: PEX11b, Peroxisome division/proliferation	1108.53403131224	0.678789952949342	0.172881273840913	3.92633590595804	8.62496854382933e-05	0.00216087770537014
Mp2g00280		542.845551224858	0.679960467637804	0.115507723234771	5.88670998436851	3.93959129500126e-09	6.73363698788938e-07
Mp8g00830		243.114532627962	0.681712165105424	0.127282337980311	5.35590542979246	8.51290288352702e-08	8.50350552320105e-06
Mp6g08350		2327.81291785736	0.687691314601703	0.116872192739137	5.88413119052753	4.00150353173379e-09	6.76429987128141e-07
Mp2g03240		709.9030472816	0.688947148286331	0.196268787315688	3.51022267834261	0.000447731571923281	0.0073544568990007
Mp2g17750		108.246529397349	0.691260757290516	0.170888098637231	4.04510766286865	5.2299083656564e-05	0.0014752714044209
Mp6g01750		335.840002301038	0.692714080129748	0.132400867220353	5.23194518791839	1.6773549336722e-07	1.56380308755633e-05
Mp2g11780		341.70799345702	0.697256242828224	0.140957818948072	4.9465595312956	7.55366340163951e-07	5.3795372271954e-05
Mp2g15930		654.30030525119	0.697371988744672	0.142001447044511	4.91102029774441	9.06037076282625e-07	6.13989794909939e-05
Mp1g27640		524.524437233618	0.699879100565147	0.19939252377028	3.510056883434	0.000448010840743947	0.0073544568990007
Mp6g17220		892.085817565222	0.703001400858293	0.193300693926309	3.63682812813023	0.000276015968927937	0.00515109885033588
Mp8g13250		975.894309941956	0.705051123895496	0.207118242618029	3.40409958574129	0.000663825469105269	0.00975322558858295
Mp1g06930		1959.70109337772	0.708963206314289	0.164275393915717	4.3156993230406	1.59098416931596e-05	0.00059116206465187
Mp2g04040	[MpCYP759B1]: Cytochrome P450, Secondary metabolism enzyme	539.958054693733	0.712414555373655	0.180159496283539	3.95435472495128	7.67414832411352e-05	0.00198405754066955
Mp6g16160		293.801285425973	0.713578114545296	0.171587566412349	4.15868194569802	3.20089219080534e-05	0.00101734141675947
Mp5g09280	[MpNPF26]: NPF transporter	230.668102814729	0.713664768265604	0.153546401956799	4.64787685787908	3.35369012003914e-06	0.000168691364187271
Mp7g16580		310.911200972926	0.716738398766548	0.124820924410597	5.74213339751311	9.34911244589747e-09	1.39469891059978e-06
Mp5g04910	[MpNPF21]: NPF transporter	706.701132187015	0.716773503471349	0.181481984337176	3.94955734085238	7.82958535090344e-05	0.00200403513232858
Mp2g26160		383.698860444309	0.717479009205787	0.196516159266854	3.65099242669152	0.000261228943744703	0.00494887295766596
Mp5g23220		293.822600618846	0.718658992874092	0.150928628687541	4.76158167687252	1.92081527634073e-06	0.000107839056189597
Mp7g08390		667.548329678903	0.718671245691181	0.12424690455891	5.7842185142764	7.28501961997518e-09	1.12065456814078e-06
Mp6g12820		539.207084578762	0.720994426133687	0.175243751036297	4.11423757977168	3.8846119265542e-05	0.00118565446956713
Mp4g11800		844.613757653995	0.721452095772135	0.182248239728815	3.95862312220769	7.53830783241036e-05	0.00196230741083219
Mp6g10660		594.378879319321	0.72676889306964	0.183608823967073	3.95824600020298	7.55021744181918e-05	0.00196230741083219
Mp3g20790		372.958809944253	0.726810176680363	0.189969126971202	3.82593839466632	0.000130274868888893	0.00292130948705225
Mp2g15390		441.551701687703	0.727796052449814	0.197893989454421	3.67770670779994	0.000235340340510187	0.00458335639030835
Mp7g16260	[MpABCG27|MpABC83]: ABC transporter	561.886978985414	0.729148162029643	0.197953800626562	3.68342592929132	0.000230120172921305	0.0045037387023517
Mp8g00860		116.601101194027	0.733203750297448	0.20897919314415	3.50850120180001	0.000450639198351452	0.00736682549228521
Mp2g10390		57.9882489272258	0.734650228842058	0.206940762468155	3.55005084585551	0.000385156753774865	0.00664222684228559
Mp5g10660		623.376001807187	0.734777042560192	0.178912129286368	4.10691575518675	4.00977392784029e-05	0.00121359867267199
Mp6g06680		391.099440884836	0.734835962917787	0.141839211650703	5.18076739405049	2.20974909596974e-07	1.97631222926178e-05
Mp7g00770		737.330642029363	0.73507538497107	0.176062716855117	4.17507691634661	2.97885389120856e-05	0.000962682970765995
Mp7g16250	[MpRLK-Pelle_SD-2b6]: Receptor-like Kinase (RLK)	117.793067006937	0.744215555884899	0.216219427426905	3.44194582670647	0.000577545899123426	0.00881453702551016
Mp1g14960	[MpFRO1]: Fe homeostasis protein	302.951420251996	0.744994059485918	0.1486401958516	5.01206322568161	5.3849503193665e-07	4.20490816054898e-05
Mp2g22900	[MpDIR24]: Secondary metabolism enzyme	659.962518277767	0.74531130219347	0.180244063109512	4.13501165772454	3.54936617243515e-05	0.00108981835989161
Mp6g07580		423.399695194487	0.746104612795606	0.166926545301489	4.46965826464601	7.83446704466978e-06	0.000331092325681745
Mp4g21990	[MpNBS-LRR12]: NBS genes	843.843604060105	0.748207271681718	0.203111557873184	3.68372572942832	0.000229849553206026	0.0045037387023517
Mp3g14050		880.7315035045	0.74881934080264	0.185495802542463	4.03685329015045	5.41729220165507e-05	0.00150694766614937
Mp4g13090		101.546958592247	0.752413066988809	0.177489346821702	4.23920128425876	2.24316462412003e-05	0.000768521189595512
Mp8g17560	[MpAPX3]: Ascorbate peroxidase	1398.51732232191	0.762644185551716	0.163231859541928	4.67215277515002	2.98059120645266e-06	0.000152327025012828
Mp4g22380		604.334932382992	0.768697342103938	0.183641653013114	4.18585505788845	2.84094599014645e-05	0.000929835578008997
Mp5g07200		281.806337720848	0.769519779932268	0.174525018637546	4.40922330757865	1.03742010521894e-05	0.000418930248678965
Mp6g09900		1208.41533727323	0.771128967297727	0.214833710787427	3.58942255603797	0.000331411266623823	0.00587855462942146
Mp6g07890	[MpTMT]: 	982.942255812478	0.772058970537784	0.154615247816045	4.99342064539682	5.93191651507444e-07	4.5264488316025e-05
Mp7g00780		713.827349894653	0.77761441219868	0.203930921487495	3.81312655543687	0.000137219802251567	0.00303719743602282
Mp5g12600	[MpBTB]: lipid droplets associated protein	141.001081719258	0.779599109174364	0.201909587540459	3.86112971984625	0.000112863958308473	0.00261947783724244
Mp3g19690		64.6547705311852	0.783773354037212	0.218992198118261	3.57900126475719	0.000344909799119003	0.00605678931489455
Mp5g23390		86.4025826804245	0.783945719862032	0.210994587501356	3.71547786673435	0.000202820019469988	0.00414340021182845
Mp5g08090		114.879065822537	0.785390041476224	0.22283969872145	3.52446196069383	0.000424343737149649	0.00705602759458503
Mp8g12170	[MpCYP829-like42]: Cytochrome P450, Secondary metabolism enzyme	301.045861485787	0.788542114885709	0.214401972913969	3.67786781142224	0.000235191785972037	0.00458335639030835
Mp4g04680	[MpDOXC24]: Secondary metabolism enzyme	554.152075830783	0.789482288498668	0.151301356015133	5.21794588820279	1.80918298335129e-07	1.67654589354776e-05
Mp2g09510		187.853806600805	0.789971126139332	0.172157697343724	4.58864830517628	4.46125308390675e-06	0.000211161403660731
Mp8g10560	[MpGST19]: glutathione S-transferase	2861.24964878949	0.791143033207556	0.124808552968588	6.33885270191916	2.31482410445297e-10	5.6522125712381e-08
Mp5g01450		301.648775381908	0.792119776885475	0.152984715619647	5.17777069217068	2.2455299290557e-07	1.99670444500947e-05
Mp8g12930	[MpLOX14]: Lipoxygenase	2412.39252939069	0.810364671252593	0.177031118388895	4.57752670054546	4.70505750527181e-06	0.000219993615816402
Mp8g08370		159.964548860346	0.813381809010953	0.196382625602554	4.1418216429039	3.44558246141793e-05	0.0010707756566463
Mpzg01360	[MpUGT38]: UDP glycosyl transferase, Secondary metabolism enzyme	332.991931424175	0.813762837855211	0.167730952390781	4.85159612019192	1.22471829021394e-06	7.72124649932828e-05
Mp3g08780		773.824020169921	0.82024831694382	0.225572774461323	3.6362912984628	0.000276591539386169	0.00515109885033588
Mp2g07720	[MpNAC1]: transcription factor, NAC	120.105408428691	0.825454682818053	0.227190557954809	3.63331421098162	0.000279803939544065	0.0051920675536868
Mp5g10190		101.216134006865	0.825788504547394	0.223947966363263	3.68741238403519	0.000226546058689167	0.00446194860502985
Mp3g24640		132.928453588648	0.826705726537265	0.232724649631086	3.55229120700259	0.000381891963245323	0.00661559016959775
Mp6g01420		1588.69009294644	0.827498895277022	0.175790358154439	4.70730536057065	2.51012759422841e-06	0.00013269172777325
Mp1g29100		4341.8632797393	0.828708672174286	0.147528630636576	5.61727353259135	1.93994188085506e-08	2.44607589780273e-06
Mp1g10910	[MpACOS10]: Acyl-CoA synthase, Secondary metabolism enzyme	534.723650852648	0.829148947777957	0.188296892930851	4.40341279599578	1.06561128769073e-05	0.000422481918519241
Mp1g00770		267.070459777186	0.830720645926289	0.184996744358178	4.49046089328959	7.10692231111914e-06	0.000304528651565308
Mp3g24280		300.957158242733	0.834011940209422	0.205815410953028	4.05223270865641	5.07311674206623e-05	0.00143719622179014
Mp2g16540		196.347054715969	0.836292907529172	0.203420204255831	4.11115951136009	3.93677099159482e-05	0.00119446446082255
Mp5g12550		677.213678032839	0.839290856791762	0.246672559782109	3.40244921256392	0.0006678476659807	0.0097749768275748
Mp5g04530		256.520479783526	0.839736789357136	0.237345754039302	3.53803164820081	0.000403121737309222	0.00685686485808133
Mp5g05880		405.575898263734	0.841159373307707	0.193450932537283	4.34817946998315	1.37272254805394e-05	0.00052139730757318
Mp5g13690	[MpDFR-like13]: Secondary metabolism enzyme	362.268223986863	0.841749739527613	0.208501881070174	4.03713259183648	5.41084906557989e-05	0.00150694766614937
Mp6g13230		398.89907100627	0.844498615833077	0.223295188510651	3.78198303987546	0.000155583964815038	0.00336144400386197
Mp6g08210		181.354410432838	0.847655876418117	0.175709417586924	4.82419148648524	1.40572318537808e-06	8.68443363882368e-05
Mp8g04890		568.52539871723	0.848168978956959	0.227911643235806	3.72148156590408	0.000198057326311712	0.00407314953295864
Mp4g16890		955.980924950016	0.848885440430173	0.21514138133133	3.94570972435489	7.9563955812013e-05	0.00202302864835735
Mp4g06100		984.869528180315	0.853587910283894	0.242720734296234	3.51674904395318	0.000436866613013726	0.00721064281973192
Mp4g20690		2788.24849178678	0.854867975253187	0.195258115633882	4.37814311829222	1.19694743159161e-05	0.000464965715660953
Mp4g05250		174.269917445807	0.860789932398054	0.150859779541792	5.7058941423124	1.15733912827957e-08	1.66386428133875e-06
Mp4g11950	[MpABCC6|MpABC48]: ABC transporters	423.272658638217	0.862524569085396	0.155125606860992	5.56016886276104	2.69513754474762e-08	3.21389929076377e-06
Mp2g09850		98.8484234420759	0.869087610029712	0.211267958946996	4.11367447464078	3.89410467599974e-05	0.0011861982619981
Mp3g08410		154.204121198827	0.869807837470497	0.226065347289431	3.84759472382508	0.00011928316312509	0.00271038832843908
Mp7g02200		222.632601235286	0.874809344042032	0.25511319681661	3.42910266876901	0.000605580400816226	0.00909730791577735
Mp1g15240		87.4541401876172	0.879860589781707	0.234150200514899	3.75767600389359	0.000171498735974681	0.00362385309821225
Mp7g07250		4392.91010010303	0.880723159855743	0.242008665974768	3.63922158038575	0.00027346342314148	0.00511762510728149
Mp2g08350		4544.19173457288	0.880736792940473	0.238975479253597	3.68546930292312	0.000228281597251832	0.00447915281954711
Mp5g00020		325.078144054857	0.882762317966218	0.212262324203382	4.15882715540413	3.19885832547043e-05	0.00101734141675947
Mp3g01970		229.129536404869	0.899851389196237	0.250105685184009	3.59788458440756	0.000320815914915579	0.0057251870291721
Mp2g25530	[MpDOXC11]: Secondary metabolism enzyme	223.595105479674	0.901883643089584	0.216601601349557	4.16379028349889	3.13007633558369e-05	0.000998961914321243
Mp3g01980		2796.335678558	0.902388734647693	0.184170255755868	4.89975284523619	9.59572885024209e-07	6.44589942809057e-05
Mp6g14900		329.735006944685	0.908848882048793	0.245310719598494	3.70488857370901	0.000211483678924372	0.00425368889041935
Mp2g22410	[MpGST30]: glutathione S-transferase	287.226978343281	0.919818208994898	0.203960539870659	4.50978512597681	6.48933215807662e-06	0.000285215418821979
Mp1g18650		256.347108197052	0.92479418346454	0.235729571686712	3.92311485083257	8.74114551889652e-05	0.00217933616721532
Mp8g15335		358.714256941137	0.928696464127256	0.262758278651441	3.5344137162628	0.000408680843546144	0.00692371962144309
Mp3g02550		247.892982272106	0.935917763532168	0.194815762107439	4.80411725112888	1.55435728024814e-06	9.26770466746403e-05
Mp5g19690		1629.73064100816	0.936374210940881	0.216564293119892	4.32377007978179	1.53385154275742e-05	0.000574093388862222
Mp5g18910	[MpBHLH40]: transcription factor, bHLH	474.482873108482	0.941150393566013	0.189103603171006	4.97690354802459	6.46094955843934e-07	4.82469840084817e-05
Mp3g24880		1227.89091218522	0.941242834533871	0.265560850048141	3.54435841865713	0.000393569819517377	0.00675601764781339
Mp2g24840		300.41687932619	0.942910971984459	0.274504381331315	3.43495782257262	0.000592646060878562	0.00898429273014822
Mp6g12480		502.034254169182	0.952052751271198	0.193206016577726	4.92765581597814	8.32220500900187e-07	5.76668827267909e-05
Mp1g00700		246.174594341693	0.953636306463175	0.257535749230126	3.70292788210554	0.000213125482129583	0.00427796937635865
Mp2g13590		179.195396095071	0.959219515227159	0.241270396598089	3.97570331359398	7.01715640295957e-05	0.00185791595433265
Mp1g02000		953.480705857935	0.961317213327749	0.201221281686944	4.77741323019375	1.77564631311131e-06	0.000101541885630451
Mp1g26970		451.463480147812	0.961652667109417	0.225529523425722	4.26397685102252	2.00820258719039e-05	0.000708536247677746
Mp4g14200	[MpPKS/CHS15]: Secondary metabolism enzyme	1841.26638337267	0.963447401750444	0.260932269936112	3.69232752233497	0.000222211038009633	0.00442208589612183
Mp2g08570		115.089835196028	0.967641277354706	0.277988803647947	3.48086420984117	0.000499798805446942	0.00798380584028069
Mp2g25680		120.901517773634	0.968564708898097	0.23747601908296	4.07857901879237	4.53118017643347e-05	0.00132013531541811
Mp7g02140		584.898830946583	0.969228620423744	0.152073988606409	6.3734017191609	1.84880771394184e-10	4.66232935468316e-08
Mp5g02020		470.279031157735	0.972570198715432	0.279139361879858	3.48417432842749	0.000493657834943442	0.00791860112089152
Mp5g17330		139.565657982188	0.985066308099575	0.285493144549792	3.45040266957363	0.00055975096561968	0.00861843194177053
Mp1g28400		303.074502387321	0.985642441889208	0.178251776004842	5.52949577266728	3.21152539563556e-08	3.74264357280772e-06
Mp3g22420	[MpDIR9]: Secondary metabolism enzyme	1372.40802289953	0.992256685160697	0.264934563259012	3.74528967815582	0.000180185746316571	0.00377115283753444
Mp7g19240	[MpEXL3]: exordium-like	869.44225051204	0.993244831045202	0.276362324207919	3.5939950711152	0.000325645998904696	0.00579122820942306
Mp6g03990		646.224012126029	0.994081960733044	0.144808949903656	6.86478260766632	6.65925846108116e-12	2.3281675660639e-09
Mp7g04940		633.047634283332	0.996463815830437	0.134378852247986	7.41533209400793	1.21320418410003e-13	5.33220570400306e-11
Mp1g16100		691.47538713658	1.00483505650496	0.239727929919283	4.19156439903891	2.77037524944193e-05	0.000912562793622383
Mp2g19160		153.515786052858	1.00575828204417	0.278932515480882	3.60574055093661	0.000311264004872318	0.00561283837158374
Mp2g17680	[MpCYP823A2]: Cytochrome P450, Secondary metabolism enzyme	374.840399652385	1.00585367155524	0.260761078202903	3.8573765628188	0.000114610525115185	0.00264500315217884
Mp8g12680		734.971171253433	1.00991077584166	0.281830935767427	3.58339219607553	0.000339160777053025	0.00598315393739299
Mp5g12390		650.205057063404	1.01841008056257	0.275817053485568	3.69233906204373	0.000222200952543612	0.00442208589612183
Mp7g06170		2073.02794086898	1.03027554199366	0.183722691925478	5.6077751267196	2.04944065454905e-08	2.52212364711424e-06
Mp5g10870		71.4757269785002	1.03133043646428	0.285379406335026	3.61389229064951	0.000301634408542925	0.0054911740906696
Mp1g27910		1256.31991977665	1.03194172998582	0.285345410680902	3.61646513789504	0.000298653518731106	0.00544334961924241
Mp5g20760		2169.7299335633	1.03208227057608	0.282072195623462	3.65892947475689	0.000253271020902578	0.00483383140762327
Mp8g08430		122.068058855191	1.03970268621294	0.239683162601034	4.33782112573166	1.43902192984667e-05	0.000542560645755671
Mp8g05150		66.4919496277775	1.05060149005816	0.294354482283133	3.56917102776648	0.000358112593268359	0.00625294667678452
Mp7g16230		1025.21267598911	1.05145570135009	0.243904648770051	4.3109293187002	1.62569868093131e-05	0.000601156798287654
Mp2g18980		346.63704832978	1.0524878136532	0.212309940175888	4.95731764975897	7.14730704559014e-07	5.21075944465939e-05
Mp1g09300		528.828248373194	1.0580038939807	0.243761697561156	4.34032050386122	1.42275046521693e-05	0.00053774374462978
Mp1g23740		84.7286554931133	1.06247190850229	0.281369947039395	3.77606748581978	0.000159323840924177	0.00341824078791717
Mp5g08570		257.946512200681	1.06854705269323	0.29525512730735	3.61906349413168	0.000295671092823841	0.00540179147376383
Mp3g07000		168.044616123705	1.07208763755622	0.270107342537527	3.96911697210628	7.2139465049585e-05	0.00190020786105782
Mp1g13200	[MpRLK-Pelle_L-LEC2]: Receptor-like Kinase (RLK)	185.875795816014	1.07544164194523	0.191608853202209	5.61269285824851	1.99201996249232e-08	2.47122928088865e-06
Mp5g18960		118.77430521993	1.07555893308226	0.305024262394824	3.52614223090902	0.000421660450351797	0.00703723549091246
Mp1g25840		149.853792338033	1.07563398291745	0.308836454088981	3.48285951569544	0.000496088619095566	0.00794590142929078
Mp5g05520		41.1670166564145	1.07695745009484	0.230082223020576	4.68075036809136	2.85826808220912e-06	0.000147546100364506
Mp8g14540		179.779918258929	1.08105161471047	0.301204025410115	3.58910082041078	0.000331820503611023	0.00587855462942146
Mp7g08860		279.261448884011	1.08314810842054	0.279631628129147	3.87348210811221	0.000107291286815706	0.00254308453788291
Mp2g09790	[MpOMT9]: Secondary metabolism enzyme, O-methyltransferase	556.139382883794	1.08572076016083	0.213775015789643	5.07880098219332	3.79824331529104e-07	3.17545526734359e-05
Mp2g15440		358.148378856294	1.09125894439997	0.270133290160545	4.03970552371171	5.35183533443713e-05	0.00149685968999357
Mp2g12390		1552.76979903634	1.09995794819302	0.239940412966586	4.58429630337511	4.55517904661837e-06	0.000214945764644572
Mp7g07070		926.473152347061	1.10054232601466	0.288652639779197	3.81268755018665	0.000137463845464272	0.00303822749249555
Mp1g20460		40.9004493545647	1.10283209376449	0.291899853190656	3.77811801448278	0.000158017997579461	0.00339495929715761
Mpzg00820		454.286615076884	1.11604219097114	0.310348770366801	3.59609026210123	0.000323035751698046	0.00575145713931833
Mp2g10590		184.359104565894	1.11732865112372	0.243483970655782	4.58892077418645	4.45543473169775e-06	0.000211161403660731
Mp8g12920		343.681060076252	1.11946053336462	0.320670684758793	3.49099742063006	0.000481220899182297	0.00775581811627764
Mp2g04800		471.218846080574	1.12176420689251	0.200229135374894	5.60240249148656	2.11400964138992e-08	2.58093732646834e-06
Mp4g08920		423.132029241733	1.12518108439712	0.295357591374263	3.80955532296221	0.000139216953928748	0.00307256011805729
Mp3g02460		252.579948286864	1.12551258298625	0.286870517217021	3.92341671742722	8.73019532830497e-05	0.00217933616721532
Mp6g19140		820.901062089814	1.12663394021267	0.148547410331837	7.5843391527049	3.341859585869e-14	1.60649456279446e-11
Mp1g14990		520.424363890576	1.12703769620316	0.228395089533431	4.93459687993069	8.03164717426004e-07	5.61594674916555e-05
Mp4g13230		389.677264945152	1.12805956318927	0.281110007550868	4.01287585958725	5.99834623304679e-05	0.00163025724563531
Mp6g18780		414.410887189748	1.15473740399202	0.283489486855465	4.07329886127579	4.63518830529492e-05	0.00134028386654797
Mp5g10960	[MpASLBD11]: transcription factor, ASL/LBD	114.236790313805	1.15541952244227	0.307192976140064	3.76121725490059	0.000169088483831685	0.00358770778866594
Mp8g03220		162.104377043909	1.16493735905354	0.250113167177349	4.65764106784314	3.19853243832611e-06	0.000161852054272272
Mp3g15680		2014.21559127954	1.18487464256996	0.26538198885756	4.4647892182537	8.01476162264936e-06	0.000336860868965068
Mp4g02400		218.023885845577	1.18921992819939	0.27053015506256	4.3958867650979	1.10321437427141e-05	0.000435147351779927
Mp4g04640		38.2537587278713	1.20102196543187	0.339477813538987	3.53785112762293	0.000403397432006995	0.00685686485808133
Mp4g05650	[MpCYP829H1]: Cytochrome P450, Secondary metabolism enzyme	174.049131239087	1.20153160832254	0.285860300873581	4.20321256449634	2.63153253801729e-05	0.000880018805050435
Mp6g09630		788.654547175749	1.20162708606961	0.275591131427807	4.3601805320952	1.2995518313379e-05	0.000501027714823832
Mp7g13910	[MpHKT]: Channels	149.258587532817	1.21174766692998	0.347933865988562	3.48269537800557	0.000496392854030322	0.00794590142929078
Mp6g21320		35.7234715809767	1.2159787402285	0.354867412283314	3.42657200446938	0.000611251677341138	0.00916460482703579
Mp1g20200		1214.02782443823	1.22172744454192	0.254055227932909	4.80890495536094	1.51759336370911e-06	9.11919481013173e-05
Mpzg01320		209.342770525866	1.22755450588644	0.315331258606599	3.89290459598209	9.90511127501548e-05	0.00237707218008679
Mp8g14510		607.515148758179	1.24123253419733	0.220676621271355	5.62466711265735	1.85866046050435e-08	2.36295651768086e-06
Mp8g04240		131.971358186158	1.24708621055914	0.363013613771281	3.4353703642224	0.000591744502318982	0.00898429273014822
Mp7g02450	[MpZIP5]: transcription factor, Fe homeostasis protein regulator	489.792481068805	1.24809392115023	0.314752178381718	3.96532258352345	7.32967534373157e-05	0.00192160513796535
Mp2g22390	[MpGST29]: glutathione S-transferase	618.357514160732	1.25051581969012	0.228548857097716	5.47154702749385	4.46123921815895e-08	4.86718034701696e-06
Mp3g01070		416.640632900587	1.25082714521788	0.263756780501377	4.74235067185826	2.11252536869107e-06	0.000115237509739627
Mp8g00720	[MpCHIL3]: Secondary metabolism enzyme	559.695011976228	1.25499486425764	0.141331725680621	8.8797816499719	6.69917332416498e-19	6.87022554970866e-16
Mp2g24940		217.690091474596	1.26344528615398	0.339728365057858	3.71898674383227	0.000200023547624577	0.00410809376917072
Mp3g20350		136.955266569381	1.26354220751601	0.263698738218409	4.79161264120074	1.65446091648857e-06	9.53204954245084e-05
Mp7g04670	[MpNBS-LRR20]: NBS genes	85.8449414484875	1.27588609974389	0.263513611326487	4.84182237616219	1.28653743254422e-06	8.07787972441947e-05
Mp2g20100		392.760326256907	1.28658660073078	0.284334302457843	4.52490814372118	6.0421742673607e-06	0.000270194089403517
Mp6g17540		833.238752147298	1.3023131230547	0.166450879853956	7.82400864565779	5.11672910315125e-15	3.14842575175103e-12
Mp7g14100		391.469294356625	1.30690086351468	0.260579101847028	5.01537097277238	5.29312362469584e-07	4.17559593429211e-05
Mp5g02010		274.697766491279	1.31162105834801	0.378663992090886	3.46381247159406	0.000532577647602104	0.00835983872761547
Mp2g05050		128.603401381235	1.32095742040809	0.351310083567585	3.76008968200871	0.000169852455027065	0.00359895360286686
Mp1g21210		1012.04606957598	1.32686754755866	0.231931721068511	5.72094037609765	1.05936071515455e-08	1.53737225294551e-06
Mp7g10840		618.895191327508	1.32872514536573	0.26983197172674	4.92426874718661	8.4676398420618e-07	5.84115263185815e-05
Mp3g09160		50.9261706241626	1.33440592928343	0.306246515688082	4.35729342515215	1.31680681969711e-05	0.000505148112404007
Mp3g19100		700.501134726996	1.34038900226449	0.209013895126424	6.41291815289959	1.42760174218221e-10	3.7221690847439e-08
Mp2g05950		3163.13961046386	1.34626076202478	0.211736600350274	6.35818634944396	2.04149720342982e-10	5.06521798070336e-08
Mp3g18220	[MpLEA-like15]: Late-embryogenesis abundant protein	52.5687261407034	1.37400889383702	0.401059693016854	3.42594610667914	0.000612661932071746	0.00917680477221
Mp1g12210		466.152954260034	1.37590450382955	0.290278186304803	4.73995142847143	2.13769457181352e-06	0.000116198429675644
Mp8g13650		18.1359639623397	1.38092892234762	0.397463283006315	3.47435595032228	0.000512081233611778	0.00811261134567455
Mp3g20675		271.787630613257	1.38177976792228	0.299486105985067	4.61383596870828	3.95304444203924e-06	0.0001930466115933
Mp8g14590		37.4799539103199	1.39211419188286	0.324814562079788	4.28587370889147	1.82022377120287e-05	0.000661950408331293
Mp7g19250	[MpEXL1]: exordium-like	714.133767966934	1.393388083289	0.171973693812067	8.10233270218466	5.39152564151171e-16	3.94942090206546e-13
Mp8g14605		405.722979903638	1.39542239721168	0.344220373203613	4.05386347189352	5.03786254599741e-05	0.00143199825450953
Mp1g09180		24.5812745619455	1.4077861139246	0.371321857750513	3.79128264210743	0.000149871277861755	0.00325172054632917
Mp4g06050		26877.0898834786	1.42498413849643	0.13900839431338	10.2510653801521	1.17046229069763e-24	2.57217448825738e-21
Mp3g11590		285.465491456933	1.42984539590181	0.226533332562454	6.31185432946214	2.7571168917212e-10	6.42617108262837e-08
Mp5g15220		72.9907722421029	1.43292576690728	0.219275941858752	6.53480612036458	6.36919947040621e-11	1.81439621209738e-08
Mp5g03550		3016.85676288376	1.43403723906899	0.406910227549061	3.52421035889565	0.000424746899342504	0.00705602759458503
Mp2g24470	[MpPR5b]: Pathogen related	428.158553931685	1.44356490166338	0.291885847787349	4.94564883020666	7.58906621452581e-07	5.37984357502537e-05
Mp3g08290		159.882339529258	1.45553845179862	0.262200969081647	5.5512321594257	2.83663071589462e-08	3.35660694635438e-06
Mp2g06620		225.442402188941	1.46829767460076	0.226014547794974	6.49647418241726	8.22242184692204e-11	2.21904412756494e-08
Mp1g06190		156.483092162382	1.47804215244618	0.391618772758461	3.77418616077884	0.000160530856627451	0.00343934006615609
Mp2g24490		20.2289852417379	1.49096706348618	0.411414858962527	3.62399906324721	0.000290082654878992	0.00533135182796121
Mp5g16680		37.0853884281199	1.49179294249962	0.393839260312088	3.7878218167419	0.000151973772683274	0.00329269372561522
Mp5g16180	[MpGST23]: glutathione S-transferase	49.1347414930836	1.50149334550479	0.332885294014332	4.51054273800435	6.46619716183767e-06	0.000285012925331086
Mp7g14370		267.255118959648	1.50323279924064	0.321412760828245	4.67695431683227	2.91167089997942e-06	0.000149300778181278
Mp6g12340		62.4979704456995	1.50492428591515	0.377360729461053	3.98802569643238	6.66254484829834e-05	0.00177933901738495
Mp1g00360		444.128197668648	1.52484295766941	0.197446156662521	7.72282926871911	1.13775526988904e-14	6.03520321265627e-12
Mp8g06590		26.8949093104417	1.53227265864777	0.355437813060861	4.31094442499678	1.62558761128986e-05	0.000601156798287654
Mp3g21060		97.3002775941572	1.54601317971904	0.419303349510138	3.68709952239878	0.000226824664183407	0.00446194860502985
Mp1g22360		11432.1830851782	1.55046905230416	0.301291137073904	5.1460825146139	2.65982461974022e-07	2.32477739349227e-05
Mp3g05150		375.737086091258	1.56670211822888	0.455532930516617	3.43927302127663	0.000583278671171001	0.00889254291241181
Mp8g11280		306.88298272311	1.5772167749375	0.385492737932761	4.09143057634618	4.28720292683894e-05	0.00126693054387228
Mp1g05160		41.308929136	1.57741906258266	0.413588797783477	3.81397917699037	0.000136746995196151	0.00303546757157632
Mp7g13490		49.9690224273542	1.58343530136106	0.448531550914025	3.53026514664198	0.000415143399076716	0.00698136470429754
Mp5g24130		3218.35647219587	1.61057212855765	0.407862316503805	3.94881327199696	7.85395846042953e-05	0.00200693426904963
Mp3g09180		150.055307680634	1.62807428290372	0.323535917423409	5.03212841365328	4.85064162864974e-07	3.84625877183087e-05
Mp2g01700		80.1234911785359	1.62825105903754	0.451733798823775	3.60444815791331	0.000312816879273288	0.00561283837158374
Mp6g15150	[MpCE8.12]: Cell wall related protein	400.539179201512	1.63078187629379	0.216325323632326	7.53856205510884	4.75181851088968e-14	2.21506739857624e-11
Mp5g06370		184.669161210511	1.65730215487468	0.475322655634173	3.48668874759088	0.000489040155989372	0.00786065218379968
Mp7g04390	[MpABCB10|MpABC77]: ABC transporters	378.479547522542	1.6610887435527	0.370908281978036	4.47843530129386	7.51921521544872e-06	0.00032041021512257
Mp3g19010		105.085071630139	1.66448917115431	0.454408209591801	3.66298217334044	0.000249295894220313	0.00479364842598884
Mp8g12190		58.1548076708566	1.67063511590329	0.367131215231464	4.55051231437788	5.3515454878331e-06	0.000244197878698286
Mp6g16800	[MpWRKY14]: transcription factor, WRKY	187.693960280381	1.68003062518825	0.399985714350664	4.20022657038041	2.66648012297673e-05	0.000885927942370432
Mp1g22370		7582.32979932927	1.68390515532961	0.295797972341409	5.69275422005277	1.25006271673642e-08	1.76419401573911e-06
Mp8g14550		411.253636889687	1.69698513553253	0.29334073726086	5.78503058040467	7.24991399771385e-09	1.12065456814078e-06
Mp8g02940		3160.64763967842	1.69732040479171	0.416388710573752	4.07628824146777	4.57602894932434e-05	0.00133013990877708
Mp4g14160	[MpPAL-like2]: Secondary metabolism enzyme	324.311032066853	1.7125036124744	0.417530629812853	4.10150415370002	4.10473137280903e-05	0.00123529569723242
Mp3g10650		2170.89814450494	1.71909850249248	0.451452869014008	3.8079246372873	0.000140137964182542	0.00308403762949936
Mp4g22260		19.0262616972294	1.73220969636921	0.482836686619038	3.58756851824712	0.000333776038047802	0.00590169746355096
Mp8g06610		288.384259879877	1.73335566359203	0.352209661569354	4.9213745468215	8.59384827675273e-07	5.87551857961277e-05
Mp2g18140	[MpCYP829-like9]: Cytochrome P450, Secondary metabolism enzyme	243.85839845295	1.73494950282295	0.346561927224559	5.00617455794205	5.55224099164735e-07	4.2919659886689e-05
Mp3g09190		185.56471914218	1.75792909998593	0.378785153057389	4.64096622002392	3.46783817855111e-06	0.000173764673292025
Mp7g10940		60.8171645499706	1.75913803559203	0.424820856292917	4.14089376623988	3.45955168246762e-05	0.00107190839148779
Mp6g20600		170.853960940029	1.75917291345122	0.443003122146168	3.97101696468583	7.15664823408351e-05	0.00188834853833459
Mp3g09220		57.1779450128773	1.78120274480363	0.456659477905592	3.9005053677477	9.59920976476182e-05	0.00232352115524976
Mp5g02640		873.663001827506	1.7883878962054	0.376644073713392	4.74821727200805	2.05217510297548e-06	0.00011355614967292
Mp6g04030		212.938874069137	1.78926460885257	0.368343958143214	4.85759184940099	1.1882202324889e-06	7.55305447784164e-05
Mp3g18460		74.3306172754073	1.79112071671901	0.490138579902914	3.65431490227476	0.000257869617708702	0.00489729423359626
Mp1g22460	[MpGH18.1]: Cell wall related protein	80.159576765863	1.79348127804246	0.459065847944249	3.90680615008474	9.35241247040087e-05	0.00228000255201548
Mp2g11820		738.88483850853	1.79434146270967	0.424580103368577	4.22615532021765	2.37717940217947e-05	0.000809029883710771
Mp4g05230		1407.1169677686	1.81274459781613	0.288438124417008	6.28469139258222	3.28505598875488e-10	7.43147298162005e-08
Mp2g10010		246.680082384646	1.81714092786264	0.424401983455053	4.28165041329286	1.85512262826106e-05	0.000669890877712204
Mp1g23130		102.898170661711	1.82555661356082	0.472403842468383	3.86439831653784	0.000111363368945357	0.00260746225949228
Mp7g15000	[MpPOD156]: Peroxidase	845.95614057254	1.82622158649658	0.460559307917386	3.96522566171687	7.33265433261173e-05	0.00192160513796535
Mp8g14480		931.935556515308	1.84035206174872	0.262889910009822	7.00046670364779	2.55111258583468e-12	9.1264569553244e-10
Mp1g25550		255.709737157249	1.84128372715876	0.370967461950925	4.96346422803609	6.92468001264481e-07	5.12126695358246e-05
Mp6g16280		88.0342809036537	1.84545461756855	0.518211878741128	3.56119705717986	0.000369167881463681	0.00642410579248394
Mp1g09190		17.9217475477573	1.86284135897088	0.536675232503471	3.4710775645098	0.000518374241836286	0.00816831121453994
Mp1g22410		791.904935796332	1.86616885246666	0.217829590798325	8.56710443070349	1.06119646568695e-17	1.0202740769789e-14
Mp4g05270		30.3558196703953	1.8738507290529	0.388337564590226	4.825314107921	1.39782788955864e-06	8.67047839720993e-05
Mp2g09310		1101.17449491171	1.87570379611748	0.355767913572976	5.27226802799554	1.3474809603984e-07	1.28747202570239e-05
Mp4g03070		39.8411113995543	1.88169685062147	0.510250526989258	3.68779011699303	0.000226210112836212	0.00446194860502985
Mp6g20880		59.9109003067786	1.89391677697598	0.412379585428811	4.59265405926095	4.37644207666732e-06	0.00020907704492352
Mp3g19390	[MpDOXC20]: Secondary metabolism enzyme	230.777465835268	1.91867517720615	0.527969726510529	3.63406286547357	0.00027899283609813	0.00518490384508377
Mp1g22420		1372.51995591492	1.93167029175285	0.253003353608255	7.63495923751194	2.25891884962701e-14	1.12093382786491e-11
Mp5g00700		52.2402739258256	1.9344647042192	0.5631306615679	3.43519690231954	0.000592123426113344	0.00898429273014822
Mp4g05240		859.250435063045	2.012206165164	0.308107666132183	6.53085393954698	6.53957503896901e-11	1.82905968771746e-08
Mp2g19650	[MpCYP829-like14]: Cytochrome P450, Secondary metabolism enzyme	24.149480720589	2.02134253138022	0.470783479488795	4.2935715024986	1.75821655286615e-05	0.000642438129043707
Mp3g17610		56.0610720405959	2.03279857720942	0.360126494132974	5.64467932886612	1.65489407022093e-08	2.17583209249646e-06
Mp8g14500		41.0463427726387	2.05943784715275	0.423635237082702	4.86134690148709	1.16589732612514e-06	7.44190811941206e-05
Mp2g22400		79.5053444926049	2.05953740868304	0.580009167213154	3.55087044327036	0.000383959372573197	0.00663339663236124
Mp8g15740		23278.0470200003	2.10931388607951	0.216122312041976	9.75981547740353	1.67459629274892e-22	2.86225719681741e-19
Mp8g18040		18.1963057390068	2.11125846457683	0.587992963317437	3.59061858948988	0.00032989408957491	0.00586000090061298
Mp2g25540	[MpDOXC12]: Secondary metabolism enzyme	96.6567682029422	2.12457639531888	0.453645081516178	4.68334493612958	2.82230977950966e-06	0.000146674295061477
Mp6g07320		18710.704293781	2.17343737997424	0.310182913118816	7.00695392315725	2.43562431705241e-12	8.92076401648028e-10
Mp2g00030		54.9446181976394	2.18397914877819	0.351474930629663	6.21375511723019	5.17331304617731e-10	1.09015170670336e-07
Mp5g01360		41.1474651118645	2.19231508602228	0.608459506280029	3.60305831923894	0.000314494931727712	0.00563198548866985
Mp6g07310		47.6728328083788	2.21227781405383	0.502388997989244	4.40351564805005	1.06510597514893e-05	0.000422481918519241
Mp7g14890	[MpPKS/CHS20]: Secondary metabolism enzyme	107.028953834741	2.26986271064511	0.662854487828065	3.42437556405876	0.00061621397472377	0.00920312579919976
Mp4g20440	[MpGH19.6]: Cell wall related protein	54.6694055679085	2.2741074079118	0.508215015112693	4.47469543458399	7.65203079235162e-06	0.000325169032261726
Mp1g01170	[MpLEA-like2]: Late-embryogenesis abundant protein	72.1515138791153	2.27711199701473	0.642835222083496	3.5422950062294	0.000396661593440397	0.00679092199854256
Mp2g01360		2085.11893423494	2.29496788427627	0.52618938948543	4.36148643460972	1.29181806916741e-05	0.000499297421055331
Mp4g09940		83.6627387638021	2.32343492272497	0.594901408038366	3.90557980083841	9.39997307996515e-05	0.00228435680709485
Mp2g07480		88.9541499068993	2.32636703640171	0.516302727200973	4.50581977169407	6.61171884632968e-06	0.000288124847062576
Mp8g05420		24.3794638165665	2.3275860074476	0.598406711534824	3.88963887366451	0.000100393505052253	0.00240179360531696
Mp3g08060		64.0879217517275	2.33140214961408	0.397063718557295	5.8716071014624	4.31590628008562e-09	7.1388802480169e-07
Mp5g16920	[MpDIR33]: Secondary metabolism enzyme	49.6668176001576	2.33675481744649	0.685605075881122	3.40831026439434	0.000653665254161505	0.00963154464058088
Mp7g12620		110.896501094705	2.35012338822376	0.548780743369056	4.28244506867345	1.84850774996923e-05	0.000669072816888864
Mp8g08950		222.209924396817	2.37215887258036	0.538616960818997	4.4041666808512	1.06191275236455e-05	0.000422481918519241
Mp4g22280	[MpERF17]: transcription factor, AP2/ERF	73.443196526712	2.44276202281286	0.387633376049621	6.30173296145728	2.94335963078036e-10	6.75786585079018e-08
Mp6g17520		79.6352862296102	2.52778913215943	0.506263292315152	4.99303261865936	5.94385142029322e-07	4.5264488316025e-05
Mp2g15110		2925.89218844889	2.56099765188641	0.525282922123299	4.87546338177976	1.08553332674492e-06	7.04588994317175e-05
Mp7g07370		201.470313317207	2.57521063066266	0.709144698542435	3.63143183042291	0.000281853112091702	0.0052175047211873
Mp4g15450		55.5695235524956	2.62525699742796	0.615139825374188	4.26774025861685	1.97463051695235e-05	0.000701580869752949
Mp1g23140		41.986270649375	2.6485663757045	0.632150471990315	4.18977204488282	2.7923482880218e-05	0.000917835335782894
Mp3g09210		198.617320806154	2.68007116869996	0.253075506165527	10.5900061578738	3.31570040915502e-26	8.50090323233862e-23
Mp8g07500	[MpPOD166]: Peroxidase	86.5053594588966	2.68337172641614	0.645622693558097	4.15625372712317	3.23508538415506e-05	0.00102388435402698
Mp5g19920		404.422850877166	2.72721369553094	0.706302776331645	3.86125297382432	0.000112807028919181	0.00261947783724244
Mp2g12010		1394.22168979867	2.74722186766268	0.794292353003747	3.45870365901624	0.00054278174326227	0.00847676300162792
Mp3g18470		74.3151222508512	2.78057895816495	0.489751546764861	5.6775297118152	1.36653796449307e-08	1.88137798117848e-06
Mp6g13040		19.2829082131012	2.79772832313546	0.754362241806376	3.7087332425813	0.000208298731763369	0.00421613077725778
Mp4g02870		137.853171487421	2.80403388666943	0.477541326459864	5.87181408456614	4.3105199526494e-09	7.1388802480169e-07
Mp6g17530		45.6409447246245	2.95124121997373	0.372006653725802	7.93330224181694	2.13394246845187e-15	1.36776820800813e-12
Mp6g14720		30.2697469086623	2.99931102698315	0.657013064604191	4.5650706029568	4.99326261591018e-06	0.000228605234584959
Mp3g09320	[MpDHAR4]: dehydroascorbate reductase	22.6665238750126	3.00314756344586	0.766979586804127	3.91555083748638	9.01980353787934e-05	0.00222193419607288
Mp5g21680	[MpLOX4]: Lipoxygenase	835.274054179098	3.03903599286782	0.784814622430138	3.87229787265889	0.00010781407635044	0.00255154451769049
Mp7g07330		57.1063899271526	3.16952084899243	0.8187606144603	3.87112031650627	0.000108336299815811	0.00255996513067069
Mp3g22960		4216.3484181638	3.19269292651393	0.391657858720896	8.1517397274776	3.58725710930392e-16	2.75913880562111e-13
Mp2g02010	[MpLEA-like7]: Late-embryogenesis abundant protein	67.962704565084	3.25088520544002	0.900345483296283	3.61070862880113	0.000305361558175784	0.00553211909197214
Mp6g02160		30.7562401723992	3.25111762943484	0.720620137664023	4.51155533895253	6.43539882976107e-06	0.000284470517810961
Mp8g10460		32.6770664703643	3.28977591594845	0.768528408500238	4.28061718937412	1.86375712564249e-05	0.000671432690017763
Mp3g09750	[MpExpansin20]: Cell wall related protein	13.4437074329908	3.29198848707565	0.8476047094922	3.88387234073756	0.000102805899780887	0.00244808538131483
Mp6g15610	[MpDHN3]: Dehydrin	50.2671289659587	3.29551419963427	0.835062143737102	3.94642988471021	7.9325137110489e-05	0.00202029566915671
Mp2g18620		15.1436432449517	3.31630274927294	0.899106986074208	3.68844064236781	0.000225632648360295	0.00446194860502985
Mp4g05760	[MpLEAL5]: Late-embryogenesis abundant protein	172.529141952933	3.38577172098625	0.986757861904885	3.43120825452577	0.000600899098390748	0.00906238316720086
Mp5g10700	[MpPOD89]: Peroxidase	475.192510083769	3.39176303427085	0.81671375719265	4.15293975937127	3.28231167239421e-05	0.00103255215657342
Mp2g18130	[MpCYP829-like8]: Cytochrome P450, Secondary metabolism enzyme	29.3695140542922	3.39388281058935	0.532302076437168	6.37585867277743	1.81940647852857e-10	4.66232935468316e-08
Mp2g17920		17.9281229371479	3.43654863164389	0.695922477101186	4.93811989800729	7.88793430563396e-07	5.54064353532271e-05
Mp3g15330	[MpPOD26]: Peroxidase	49.2812509738653	3.49123344624996	0.89124326962313	3.91726205991576	8.95603728414085e-05	0.00221853013755135
Mp4g19430		15.6848233314748	3.49351014189674	0.58382674996296	5.98381307831199	2.17973450448884e-09	3.85412136581056e-07
Mp5g05270	[MpCALEOSIN]: lipid droplets associated protein	16.5130806622778	3.57815876698851	0.885090701396642	4.04270292450514	5.28385492466619e-05	0.00148343396613466
Mp3g09250		24.4887333988411	3.60927134128379	0.895173219224085	4.03192506631535	5.53218278164188e-05	0.00152785579407535
Mp4g19400		59.382596469724	3.6617034308748	0.553941011209072	6.61027682872314	3.83602006637544e-11	1.18018993362107e-08
Mp1g25200		69.411089245802	3.76810362383573	1.09087538670916	3.45420170786229	0.000551924404318054	0.00853291770012526
Mp4g05810	[MpPOD41]: Peroxidase	326.366056442501	3.80604723085931	0.670318858126401	5.67796532160462	1.36306338733049e-08	1.88137798117848e-06
Mp1g26550		38.8605113342315	3.91871780364122	0.957833630864269	4.09123012323685	4.29091083246087e-05	0.00126693054387228
Mp1g08570	[MpIAR4B]: Auxin related protein, Hormone related protein	25.5588977945592	3.96279278906558	1.02785816193578	3.85538874507977	0.000115545870003522	0.00264500315217884
Mp5g17310		40.9561408686915	4.09138124733327	0.826967597188554	4.94745049412184	7.51918189285647e-07	5.3795372271954e-05
Mp2g24440	[MpGH19.3]: Cell wall related protein	574.743322465136	4.09552720140088	0.808815522352242	5.06361103146245	4.1138859922008e-07	3.40163857801268e-05
Mp1g02120	[MpPKC1]: Secondary metabolism enzyme	6379.6713045948	4.12102692246673	0.188051636089086	21.9143369777143	1.8963543299066e-106	1.45858093284766e-102
Mp6g02170		48.8073827485237	4.14072048827515	0.822833655039757	5.03226923560277	4.84707887815669e-07	3.84625877183087e-05
Mp5g16820	[MpPR1o]: Pathogen related	64.115076849564	4.14887412340458	1.07261266674546	3.86800776462316	0.000109728171763211	0.00257447375773157
Mp3g17370		60.9846170727506	4.27755907465174	1.19577879555054	3.57721602905857	0.000347273161161897	0.00608439981566453
Mp4g02370	[MpAMT2.2]: ammonium transporter	11.7867543692914	4.3184109870957	1.16216811741549	3.71582297120598	0.000202543361449769	0.00414325070369919
Mp8g03370		54.6655950917357	4.32932412469098	1.00554295805668	4.30545914523421	1.66639743845785e-05	0.000611794553598978
Mp6g08810		30.0510149393298	4.45638720335614	1.09716965064778	4.06171206132528	4.87141389602724e-05	0.00139288029670236
Mp7g10210		131.291568729031	4.54029347660385	1.06650312462928	4.25717784763364	2.07023664264105e-05	0.000723782960766982
Mp3g06800		18.3213771883606	4.66816167851871	1.34426805412515	3.47264198103462	0.000515362336623645	0.00814707424794416
Mp4g22290	[MpERF16]: transcription factor, AP2/ERF	8.09805189801263	4.69826854002413	1.26606277070229	3.71092859591628	0.000206500350844077	0.00418523701849069
Mp6g07540	[MpDHN1]: Dehydrin	160.535760660416	4.76399524427141	1.24795425781488	3.81744380007404	0.000134841489415686	0.00300183304150722
Mp6g11340	[MpLEA-like49]: Late-embryogenesis abundant protein	25.3392237602497	4.83381942255644	1.04572271220884	4.62246766386679	3.79201936323538e-06	0.000186366242379073
Mp4g02070		31.0894155434162	5.00227585095511	1.45333643180625	3.44192558686369	0.000577589112768266	0.00881453702551016
Mp3g05290		11.8772680182632	5.09540222575115	1.33339544813549	3.82137364641235	0.000132710403865644	0.00296492408294767
Mp3g03120		10.1418060728832	5.20549865740025	1.4282701406515	3.64461771568353	0.000267789547291838	0.00506069607615521
Mp7g01940		79180.0856272535	5.40973244525466	0.192913345529579	28.0422924106367	4.95980512977293e-173	7.6296682311297e-169
Mp1g23170		18.8924942051009	5.53702644848055	1.35756743581966	4.07863823364138	4.53002641546794e-05	0.00132013531541811
Mp4g03340		65.3431721140979	5.58467081926783	0.573683026027375	9.73476739923858	2.14307418687376e-22	3.2966910216679e-19
Mp3g12370	[MpCupin54]: Cupin	9.40870086902555	5.72629463509574	1.55339191268561	3.68631675518109	0.000227523133432751	0.00446997236474587
Mp6g04610	[MpFTPSL10|MpMTPSL13]: Fungal-type terpene synthase-like;Secondary metabolism enzyme, Terpene biosynthesis enzymes	13.9085626024861	5.85346249145459	1.47919717264122	3.95718880465596	7.5836988721995e-05	0.00196397373318258
Mp3g09170		41.2663593274973	5.92522093915639	0.96959816771792	6.11100674117629	9.90045835306084e-10	1.95254808775814e-07
Mp3g08260	[MpLEA-like14]: Late-embryogenesis abundant protein	39.9162181407471	5.93443932689932	1.23383067826485	4.80976801066822	1.51105566851874e-06	9.1155173916956e-05
Mp1g15610		46.3124131443093	6.0293830463992	1.13564271046553	5.30922533190708	1.10092156496985e-07	1.07186559708425e-05
Mp5g01870		24.5923852398696	6.42853155509854	1.18128258467182	5.44199299855464	5.26877469099902e-08	5.58962490149227e-06
Mp4g15740		122.077988474074	7.93883122127518	1.89341335534377	4.19286744696792	2.75450408043209e-05	0.000909281894190704
Mp8g13560		79.6149124615502	8.24051974310883	1.9351272382095	4.2583865186733	2.05907702118074e-05	0.000721521225895748
Mp6g07560	[MpLEA-like48]: Late-embryogenesis abundant protein	60.6931087039393	10.345844338244	1.92553353092195	5.37297542322744	7.74478884098879e-08	7.83803202242964e-06
